02/11/2021,Rose,132
03/28/2021,Adrian,196
03/02/2021,Dinesh,41
04/09/2021,Dinesh,2
04/07/2021,Sunny,144
03/16/2021,Dinesh,167
03/04/2021,Rebecca,29
03/27/2021,Rebecca,154
02/25/2021,Tony,109
01/14/2021,Chary,147
01/23/2021,Chary,109
04/09/2021,Rose,132
03/03/2021,Tony,28
01/14/2021,Patty,151
03/25/2021,Patty,83
02/16/2021,Rebecca,10
02/17/2021,Joe,182
04/27/2021,Adrian,81
02/19/2021,Kepler,46
04/21/2021,Rebecca,31
01/03/2021,Sunny,7
04/28/2021,Joe,42
03/02/2021,Rebecca,176
01/15/2021,Rebecca,106
04/27/2021,Kepler,121
02/07/2021,Patty,77
02/07/2021,Adrian,61
02/20/2021,Rebecca,15
03/28/2021,Sunny,149
03/16/2021,Kepler,140
02/03/2021,Dinesh,112
03/08/2021,Tony,133
02/07/2021,Rose,163
03/02/2021,Kepler,197
02/02/2021,Chary,115
04/14/2021,Sunny,65
04/02/2021,Patty,11
01/04/2021,Tony,68
03/30/2021,Joe,62
02/28/2021,Tony,7
04/22/2021,Sunny,148
02/08/2021,Kepler,119
04/09/2021,Patty,12
01/01/2021,Rebecca,134
03/08/2021,Kepler,29
03/02/2021,Kepler,176
02/19/2021,Rebecca,46
01/02/2021,Dinesh,149
01/29/2021,Sunny,82
03/07/2021,Tony,124
03/21/2021,Kepler,177
01/06/2021,Rebecca,17
03/12/2021,Patty,96
03/01/2021,Adrian,41
03/30/2021,Kepler,114
04/17/2021,Rose,5
01/03/2021,Rebecca,11
04/20/2021,Dinesh,175
04/20/2021,Adrian,60
03/08/2021,Joe,107
01/23/2021,Chary,39
03/28/2021,Dinesh,88
01/08/2021,Chary,106
04/16/2021,Joe,106
04/04/2021,Kepler,36
02/13/2021,Tony,196
03/11/2021,Kepler,44
03/12/2021,Rebecca,114
03/18/2021,Tony,187
03/18/2021,Kepler,80
02/12/2021,Chary,40
04/06/2021,Sunny,165
02/23/2021,Tony,95
03/24/2021,Rebecca,38
01/19/2021,Dinesh,84
01/22/2021,Adrian,89
03/16/2021,Rebecca,34
04/16/2021,Kepler,111
02/06/2021,Sunny,27
03/16/2021,Joe,82
04/27/2021,Chary,175
03/22/2021,Joe,71
01/28/2021,Dinesh,167
03/03/2021,Dinesh,142
03/11/2021,Joe,188
03/03/2021,Rose,176
03/06/2021,Patty,71
03/10/2021,Rose,123
04/02/2021,Chary,117
01/21/2021,Tony,39
04/29/2021,Patty,104
03/11/2021,Chary,114
01/23/2021,Rose,175
02/15/2021,Chary,32
02/17/2021,Patty,22
01/14/2021,Dinesh,160
03/25/2021,Rose,24
04/22/2021,Tony,145
04/07/2021,Dinesh,143
04/23/2021,Chary,157
